word,start_seconds,end_seconds
Prince,0.0,0.2
Bismarck,0.2,0.84
was,0.84,0.94
trying,0.94,1.28
to,1.28,1.48
fight,1.48,1.74
the,1.74,1.92
revolutionary,1.92,2.24
parties,2.24,2.74
not,3.36,3.56
only,3.56,3.72
with,3.72,3.94
such,3.94,4.12
restrictive,4.12,4.58
laws,4.58,5.04
as,5.04,5.3
been,5.3,5.5
passed,5.5,5.8
against,5.8,6.06
the,6.06,6.28
Socialists,6.28,6.6
but,7.28,7.48
also,7.48,7.66
with,7.66,7.98
constructive,7.98,8.42
measures,8.42,8.92
like,8.92,9.52
the,9.52,9.7
one,9.7,9.92
which,9.92,10.1
had,10.1,10.26
been,10.26,10.38
submitted,10.38,10.88
to,10.88,11.08
the,11.08,11.18
Reichstag,11.18,11.74
on,11.74,12.26
March,12.26,12.44
eighth,12.44,12.8
eighteen,12.8,13.28
eighty-one,13.28,13.82
It,15.08,15.38
proposed,15.38,15.72
the,15.72,16.1
insurance,16.1,16.38
of,16.38,16.76
the,16.76,16.84
workingman,16.84,17.48
against,17.48,17.78
accidents,17.78,18.22
and,18.22,18.94
the,18.94,19.08
founding,19.08,19.36
of,19.36,19.6
a,19.6,19.66
governmental,19.66,19.96
insurance,19.96,20.52
company,20.52,21.18
The,21.64,21.8
bill,21.8,21.96
was,21.96,22.22
severely,22.22,22.62
criticized,22.62,23.02
notably,24.02,24.36
by,24.36,24.74
Eugen,24.74,25.02
Richter,25.02,25.56
who,25.96,26.16
did,26.16,26.28
not,26.28,26.46
miss,26.46,26.68
the,26.68,26.9
opportunity,26.9,27.3
of,27.3,27.64
attacking,27.64,28.02
also,28.02,28.46
the,28.46,28.68
chancellor,28.68,28.96
personally,28.96,29.42
Prince,30.94,31.5
Bismarck's,31.5,32.06
reply,32.06,32.24
made,32.24,33.08
a,33.08,33.2
deep,33.2,33.4
impression,33.4,33.58
in,33.58,34.08
the,34.08,34.2
country,34.2,34.38
at,34.38,34.74
large,34.74,34.94
The,35.72,35.8
bill,35.8,35.94
itself,35.94,36.2
however,36.22,36.74
was,37.16,37.32
so,37.32,37.54
badly,37.54,37.88
amended,37.88,38.24
in,38.24,38.52
the,38.52,38.62
Reichstag,38.62,39.18
that,39.18,39.66
Bismarck,39.66,40.34
urged,40.34,40.62
the,40.62,40.9
Bundesrat,40.9,41.46
to,41.46,41.7
reject,41.7,41.92
it,41.92,42.26
which,42.6,42.88
it,42.88,43.04
did,43.04,43.26
Several,43.92,44.12
changes,44.12,44.52
thereupon,44.52,45.26
were,45.26,45.52
made,45.52,45.76
in,45.76,45.9
the,45.9,46.02
bill,46.02,46.22
and,46.74,46.9
after,47.28,47.66
having,47.66,47.94
been,47.94,48.16
delayed,48.16,48.46
in,48.46,48.6
committee,48.6,48.8
it,49.46,49.56
was,49.56,49.68
again,49.68,49.98
brought,49.98,50.3
up,50.3,50.56
for,50.56,50.76
discussion,50.76,50.98
in,50.98,51.34
eighteen,51.34,51.704
eighty-four,51.704,52.16
when,52.16,52.76
another,52.76,53.04
exhaustive,53.04,53.56
speech,53.56,54.1
by,54.1,54.44
the,54.44,54.58
chancellor,54.58,54.9
on,54.9,55.64
March,55.64,55.88
fifteenth,55.88,56.24
brought,56.24,56.74
about,56.74,57.1
its,57.1,57.32
acceptance,57.32,57.62
Before,59.78,60.46
turning,60.46,61.08
to,61.08,61.42
the,61.42,61.54
subject,61.54,61.92
in,61.92,62.28
hand,62.28,62.58
I,64.56,65.0
wished,65.0,65.24
to,65.24,65.52
reply,65.52,65.74
to,65.74,66.14
some,66.14,66.4
remarks,66.4,66.92
of,66.92,67.26
the,67.26,67.4
previous,67.4,67.86
speaker,67.86,68.28
lest,69.1,69.2
I,69.2,69.46
forget,69.46,69.8
them,69.8,70.18
they,70.64,70.86
are,70.86,71.08
of,71.08,71.4
so,71.4,71.64
little,71.64,71.94
weight,71.94,72.4
He,73.16,73.46
finished,73.46,73.86
by,73.86,74.52
saying,74.52,75.08
that,75.08,75.34
my,75.34,75.58
prestige,75.58,76.1
was,76.1,76.62
waning,76.62,76.98
If,77.9,78.06
he,78.06,78.24
were,78.24,78.48
right,78.48,78.84
I,79.28,79.44
should,79.44,79.7
feel,79.7,80.0
like,80.0,80.36
saying,80.36,80.7
Thank,81.34,81.54
God,81.54,82.16
for,82.6,82.86
prestige,82.86,83.32
is,83.32,83.84
a,83.84,83.98
very,83.98,84.22
burdensome,84.22,85.08
affair,85.08,85.34
One,86.66,87.04
suffers,87.04,87.58
under,87.58,88.22
its,88.22,88.42
weight,88.42,88.76
and,89.5,89.6
quickly,89.6,89.96
gets,89.96,90.44
tired,90.44,90.94
of,90.94,91.36
it,91.36,91.62
